,cycle_days,growth_rate_since_stocking
36853,1.0,3.705
21501,1.0,3.904
37121,1.0,1.722
24035,1.0,4.449
23651,1.0,2.683
23621,1.0,1.445
33619,1.0,3.859
32754,1.0,1.298
33618,1.0,4.518
23605,1.0,2.186
23640,1.0,3.465
25057,1.0,3.223
21857,1.0,6.023
21831,1.0,3.868
34358,1.0,4.62
30980,2.0,2.633
28481,2.0,1.366
30986,2.0,2.871
43864,2.0,1.931
20355,2.0,1.925
39432,2.0,3.921
34461,2.0,2.955
44061,2.0,6.443
39104,2.0,4.708
30911,2.0,2.282
28092,2.0,5.246
36868,2.0,1.97
39661,2.0,0.778
23421,2.0,1.581
23449,2.0,2.065
23472,2.0,2.63
23624,2.0,1.073
23629,2.0,1.3
23801,2.0,2.648
24025,2.0,1.261
35250,2.0,1.89
42720,2.0,1.273
21860,2.0,2.554
28061,2.0,3.015
36859,2.0,2.244
21507,2.0,2.524
34758,2.0,2.166
34756,2.0,1.884
34749,2.0,1.643
23180,2.0,2.941
27712,2.0,1.165
28022,2.0,1.466
28040,2.0,3.221
21823,2.0,3.023
23063,2.0,2.428
33615,2.0,2.835
36126,2.0,4.403
31823,2.0,1.948
32624,3.0,5.231
27969,3.0,2.024
32621,3.0,3.27
39749,3.0,1.431
41009,3.0,3.69
43988,3.0,3.909
21818,3.0,3.442
27428,3.0,3.397
42624,3.0,1.853
42648,3.0,0.845
20320,3.0,1.379
25820,3.0,4.091
35228,3.0,1.631
21675,3.0,3.793
31862,3.0,3.381
35179,3.0,0.855
22124,3.0,4.213
20346,3.0,0.968
29087,3.0,3.187
27970,3.0,1.106
29035,3.0,2.861
44099,3.0,4.395
28907,3.0,2.532
19355,3.0,2.249
43850,3.0,3.24
31753,3.0,3.666
43851,3.0,5.239
31806,3.0,5.609
28594,3.0,3.785
39699,3.0,4.906
21691,3.0,3.052
44391,3.0,5.468
39613,3.0,2.312
31462,3.0,1.231
40977,3.0,3.326
29017,3.0,4.079
31352,3.0,1.58
31347,3.0,1.676
28473,3.0,3.972
25363,4.0,1.775
25340,4.0,1.609
21699,4.0,1.234
33024,4.0,1.958
25355,4.0,1.707
21618,4.0,1.231
43057,4.0,3.04
40089,4.0,1.775
40051,4.0,2.341
43992,4.0,2.389
28097,4.0,1.614
20868,4.0,4.105
20852,4.0,3.477
43033,4.0,3.897
38738,4.0,1.272
37654,4.0,2.133
37180,4.0,2.68
23786,4.0,1.59
23841,4.0,1.569
39318,4.0,5.196
37153,4.0,4.196
41858,4.0,3.873
41828,4.0,4.291
41789,4.0,4.262
22029,4.0,3.211
37142,4.0,2.35
21994,4.0,1.865
38673,4.0,2.501
38662,4.0,1.658
42746,4.0,2.199
42747,4.0,1.171
23408,4.0,1.479
21998,4.0,2.105
23255,4.0,1.488
37101,4.0,1.079
28523,5.0,2.055
23192,5.0,0.99
23620,5.0,1.048
39651,5.0,3.222
34685,5.0,1.472
23345,5.0,1.712
23573,5.0,1.879
28540,5.0,2.241
28445,5.0,1.042
28055,5.0,1.741
36522,5.0,2.634
28531,5.0,2.575
36526,5.0,2.778
23589,5.0,1.36
36520,5.0,2.694
23745,5.0,2.563
25319,5.0,1.781
21955,5.0,1.883
21967,5.0,1.435
34151,5.0,1.02
34162,5.0,1.451
32939,5.0,2.752
35197,5.0,1.257
22014,5.0,2.35
22020,5.0,1.21
35202,5.0,1.137
21677,5.0,0.841
35175,5.0,1.099
43111,5.0,3.371
37104,5.0,2.442
24193,5.0,2.057
19393,5.0,1.851
36513,5.0,2.875
23802,5.0,1.755
19385,5.0,1.808
23759,5.0,1.459
23737,5.0,2.356
24021,5.0,1.295
37682,5.0,1.247
44431,5.0,3.952
26255,6.0,4.011
23851,6.0,1.768
21826,6.0,2.105
28926,6.0,1.362
34653,6.0,1.04
35522,6.0,1.958
36502,6.0,2.738
32319,6.0,1.775
21969,6.0,1.004
28444,6.0,1.793
27753,6.0,4.765
24179,6.0,3.016
39482,6.0,2.999
43998,6.0,2.683
32142,6.0,2.344
24556,6.0,2.498
28108,6.0,1.272
40680,6.0,4.6
34660,6.0,1.708
34661,6.0,1.822
38752,6.0,1.251
24571,6.0,1.853
21946,6.0,1.978
29440,6.0,2.79
28074,6.0,0.702
29445,6.0,2.651
23828,6.0,2.059
29828,6.0,4.313
20501,6.0,0.944
32259,6.0,2.099
31800,6.0,1.774
31796,6.0,1.85
43042,6.0,1.905
43097,6.0,1.348
23354,6.0,0.987
43105,6.0,1.607
35734,6.0,1.557
37120,6.0,1.546
32356,6.0,1.28
31497,6.0,1.291
34015,6.0,1.554
44429,6.0,3.364
29323,6.0,2.735
37149,6.0,2.443
21817,6.0,1.983
39019,6.0,1.838
40148,6.0,2.652
37146,6.0,2.537
43002,6.0,1.523
31423,6.0,0.791
19621,6.0,2.511
44385,6.0,3.037
31481,6.0,1.192
29332,6.0,3.147
28554,6.0,1.068
28068,6.0,1.076
21146,7.0,4.347
35750,7.0,2.146
37659,7.0,2.121
39714,7.0,5.637
21144,7.0,3.398
33534,7.0,4.338
25255,7.0,0.781
40632,7.0,1.137
20211,7.0,1.051
40470,7.0,1.93
21809,7.0,1.864
40139,7.0,2.523
33004,7.0,2.973
40135,7.0,3.614
25662,7.0,1.419
38988,7.0,1.981
33045,7.0,4.731
44010,7.0,3.066
21836,7.0,1.777
25586,7.0,2.063
25581,7.0,1.132
43193,7.0,2.825
40033,7.0,1.851
38967,7.0,1.814
43209,7.0,2.272
28862,7.0,2.805
22100,7.0,2.111
36131,7.0,2.337
44667,7.0,4.179
42189,7.0,3.489
28909,7.0,2.477
41517,7.0,2.477
41518,7.0,3.295
20468,7.0,1.389
28106,7.0,1.55
41889,7.0,2.551
42246,7.0,2.664
43964,7.0,3.123
32067,7.0,2.683
24066,7.0,1.041
24044,7.0,0.896
20511,7.0,1.191
42166,7.0,3.249
23641,7.0,1.894
37657,7.0,2.257
22234,7.0,2.692
28912,7.0,2.295
35654,7.0,1.92
22115,7.0,2.71
43853,7.0,1.525
37693,7.0,2.695
44457,7.0,3.104
41290,7.0,2.025
32200,7.0,2.628
37669,7.0,3.146
41419,7.0,5.384
40444,7.0,2.441
39082,7.0,1.794
22152,7.0,2.587
32227,7.0,3.141
43868,7.0,1.665
28618,7.0,1.959
23476,8.0,1.095
20325,8.0,0.922
23639,8.0,3.083
43037,8.0,2.371
22101,8.0,0.985
37661,8.0,1.92
22097,8.0,1.953
22117,8.0,1.64
36818,8.0,2.836
22125,8.0,3.002
33533,8.0,2.072
36809,8.0,3.325
34385,8.0,2.058
25557,8.0,1.953
24457,8.0,2.072
24068,8.0,2.367
24067,8.0,1.923
21835,8.0,1.244
24015,8.0,2.199
24009,8.0,1.83
38015,8.0,2.295
35257,8.0,1.708
36827,8.0,3.436
43226,8.0,3.515
34359,8.0,2.104
28556,8.0,1.4
40216,8.0,3.392
19571,8.0,2.456
19570,8.0,1.718
36864,8.0,2.86
31868,9.0,1.181
39644,9.0,4.535
22156,9.0,1.475
36919,9.0,3.458
35672,9.0,1.906
36018,9.0,2.344
22121,9.0,0.983
36012,9.0,1.694
41143,9.0,4.137
30127,9.0,4.13
43247,9.0,2.252
32634,9.0,2.913
43228,9.0,1.232
21856,9.0,0.667
39086,9.0,1.331
24482,9.0,2.686
44652,9.0,3.975
32641,9.0,2.078
28803,9.0,2.124
44450,9.0,2.928
28791,9.0,2.335
28786,9.0,1.586
23417,9.0,2.304
28575,9.0,0.765
20696,9.0,1.398
23587,9.0,1.519
37668,9.0,2.042
28553,9.0,1.398
24262,9.0,1.826
28535,9.0,1.247
38000,9.0,2.408
23724,9.0,2.07
23727,9.0,1.24
23750,9.0,1.505
37662,9.0,2.334
24032,9.0,1.75
24036,9.0,1.924
35517,9.0,1.753
28967,9.0,2.9
32647,9.0,1.384
39990,9.0,2.849
29298,9.0,1.682
32694,9.0,2.576
43172,9.0,2.648
40467,9.0,2.826
34319,9.0,1.823
37671,9.0,2.424
35731,9.0,1.898
43169,9.0,1.454
43038,9.0,1.287
31867,9.0,1.221
26473,10.0,3.992
23647,10.0,0.707
28020,10.0,3.147
41160,10.0,2.397
32744,10.0,2.715
29295,10.0,1.773
25674,10.0,0.994
44353,10.0,3.177
40473,10.0,3.968
44997,10.0,4.254
20698,10.0,1.692
40398,10.0,2.733
32696,10.0,3.337
32397,10.0,2.223
32233,10.0,2.454
24728,10.0,1.629
22517,10.0,2.568
29353,10.0,2.634
44306,10.0,2.903
28935,10.0,1.13
32714,10.0,3.609
36083,10.0,2.595
19785,10.0,2.748
32249,10.0,2.758
44747,10.0,3.383
44627,10.0,3.584
36044,10.0,2.222
24726,10.0,2.072
29805,10.0,2.635
29801,10.0,2.335
28975,10.0,1.735
33482,10.0,3.056
40450,10.0,2.081
33484,10.0,3.845
20311,10.0,0.801
20686,10.0,1.057
29757,10.0,3.195
21966,10.0,2.016
39394,10.0,2.246
42254,10.0,2.501
21959,10.0,1.551
29291,10.0,2.655
29780,10.0,2.606
28582,10.0,1.488
21981,10.0,1.414
22237,11.0,2.437
25798,11.0,1.887
25781,11.0,1.87
42446,11.0,3.362
39405,11.0,2.383
23748,11.0,1.181
43402,11.0,3.048
39428,11.0,2.161
40586,11.0,2.861
38014,11.0,2.926
22252,11.0,2.164
21984,11.0,2.328
43598,11.0,3.325
44133,11.0,2.363
40819,11.0,2.245
24294,11.0,1.303
39455,11.0,1.928
25851,11.0,1.782
24207,11.0,1.544
42400,11.0,3.66
21345,11.0,3.493
38031,11.0,2.42
38010,11.0,2.733
22241,11.0,2.76
37999,11.0,3.053
23574,11.0,1.168
42452,11.0,3.01
22024,11.0,1.547
29039,11.0,2.097
43269,11.0,1.889
44161,11.0,1.839
39891,11.0,5.127
38382,11.0,2.813
43250,11.0,2.394
21322,11.0,3.295
34039,11.0,4.087
44759,11.0,2.901
36314,11.0,2.069
23726,11.0,2.515
25879,12.0,2.104
22345,12.0,2.414
37247,12.0,3.423
35524,12.0,1.813
24512,12.0,1.873
24034,12.0,2.107
38054,12.0,2.366
21960,12.0,1.743
19747,12.0,2.705
24274,12.0,2.326
44996,12.0,3.326
24255,12.0,1.957
29373,12.0,2.315
37266,12.0,3.334
29406,12.0,2.168
23585,12.0,1.843
29288,12.0,2.496
24188,12.0,2.744
28885,12.0,1.54
40420,12.0,3.312
24010,12.0,1.565
22341,12.0,1.7
20602,12.0,1.01
23730,12.0,3.109
36052,12.0,1.981
37243,12.0,3.47
24724,12.0,1.946
37220,12.0,3.452
24176,12.0,1.722
22263,12.0,1.993
29397,12.0,1.838
36106,12.0,2.403
38414,12.0,1.824
34068,12.0,1.33
22296,12.0,1.835
36037,12.0,2.053
43207,12.0,1.861
19734,12.0,2.265
24005,12.0,1.08
43600,12.0,3.402
39419,13.0,1.604
20002,13.0,2.42
32075,13.0,1.811
36561,13.0,2.591
23755,13.0,1.514
32074,13.0,1.604
29313,13.0,2.029
28833,13.0,1.518
28832,13.0,1.778
36539,13.0,2.123
38036,13.0,2.401
28830,13.0,1.558
32727,13.0,2.638
38032,13.0,2.827
37174,13.0,3.468
38034,13.0,2.671
28429,13.0,2.817
35659,13.0,1.894
24727,13.0,2.144
22134,13.0,1.384
41355,13.0,3.919
30241,13.0,2.609
22128,13.0,1.55
27024,13.0,3.097
39684,13.0,2.229
29281,13.0,2.268
25050,13.0,2.325
33009,13.0,2.635
30103,13.0,2.354
22153,13.0,1.451
30100,13.0,2.338
29848,13.0,2.417
25130,13.0,2.339
35770,13.0,2.169
35764,13.0,1.769
21951,13.0,1.342
32629,13.0,2.218
32631,13.0,2.47
40022,13.0,3.715
34799,13.0,3.046
33061,13.0,2.753
33063,13.0,2.584
33177,13.0,2.605
44726,13.0,3.038
44994,13.0,3.309
40605,13.0,3.24
20982,13.0,1.722
43430,13.0,2.679
22321,13.0,1.8
32192,13.0,1.31
30502,13.0,3.907
43450,13.0,1.721
24275,13.0,1.992
43443,13.0,1.9
43503,13.0,2.288
30248,13.0,2.997
45027,13.0,3.374
22242,13.0,1.296
24218,13.0,1.832
38311,14.0,2.62
24498,14.0,2.104
41868,14.0,2.432
26152,14.0,2.254
29793,14.0,2.189
26156,14.0,1.659
34041,14.0,3.93
41021,14.0,2.563
26158,14.0,1.873
34042,14.0,3.426
28800,14.0,1.949
36805,14.0,2.732
40627,14.0,2.959
29428,14.0,2.164
41964,14.0,2.551
33065,14.0,3.405
24456,14.0,1.564
41840,14.0,3.288
24013,14.0,1.479
25132,14.0,2.857
25903,14.0,1.114
23783,14.0,1.134
32903,14.0,3.213
40609,14.0,4.128
40348,14.0,4.666
38367,14.0,2.584
39675,14.0,2.038
36590,14.0,2.277
29794,14.0,2.26
39623,14.0,2.114
41273,14.0,3.482
38427,14.0,3.371
41040,14.0,2.529
24011,14.0,1.834
34374,14.0,4.204
29849,14.0,2.26
41793,14.0,4.436
39737,14.0,2.381
38322,14.0,3.088
32980,14.0,3.082
40684,14.0,2.617
42456,14.0,2.479
44772,14.0,2.887
22493,14.0,2.496
22496,14.0,1.974
42669,14.0,3.095
36349,14.0,2.987
42769,14.0,3.051
20542,14.0,0.899
43825,14.0,2.943
43865,14.0,3.424
21481,14.0,2.99
20924,14.0,2.002
22150,14.0,2.079
44897,14.0,3.169
42771,14.0,3.168
22507,14.0,2.406
22144,14.0,2.24
44479,14.0,2.239
44824,14.0,2.999
22587,14.0,2.194
20984,14.0,2.115
21485,14.0,2.986
44466,14.0,2.225
22473,15.0,2.588
24484,15.0,2.231
24470,15.0,1.659
24008,15.0,2.73
25121,15.0,2.396
22458,15.0,2.249
38317,15.0,2.471
37587,15.0,2.974
29310,15.0,1.661
37586,15.0,2.685
36021,15.0,1.659
43378,15.0,2.451
24490,15.0,1.846
43391,15.0,1.97
22119,15.0,1.522
26302,15.0,2.463
20785,15.0,1.028
37554,15.0,3.149
20004,15.0,2.837
23826,15.0,1.401
37584,15.0,2.965
22502,15.0,1.603
22497,15.0,1.414
34365,15.0,3.096
38635,15.0,2.967
20029,15.0,2.599
24448,15.0,2.38
43858,15.0,3.096
22146,16.0,2.014
24082,16.0,1.542
33550,16.0,3.032
22509,16.0,1.731
35214,16.0,3.22
45039,16.0,2.718
29841,16.0,2.603
30112,16.0,2.007
33558,16.0,3.006
23732,16.0,1.832
24451,16.0,2.006
24285,16.0,2.137
33594,16.0,2.65
24643,16.0,2.526
22472,16.0,1.336
29806,16.0,2.27
21113,16.0,2.228
24248,16.0,1.727
29641,16.0,1.736
29638,16.0,2.43
38614,16.0,2.49
24263,16.0,1.809
24454,16.0,1.93
29442,16.0,1.853
25125,16.0,2.262
39626,16.0,1.964
38319,16.0,2.736
36600,16.0,2.357
36838,16.0,2.534
36029,16.0,2.01
43569,16.0,1.645
36053,16.0,1.983
36862,16.0,2.091
36583,16.0,2.34
36585,16.0,2.171
32773,16.0,2.201
43841,16.0,3.169
40774,16.0,3.151
37585,16.0,3.209
43751,16.0,2.482
43756,16.0,2.56
43766,16.0,2.352
30987,16.0,4.331
32748,16.0,1.908
36056,16.0,2.223
32687,16.0,1.413
33537,16.0,2.886
38338,16.0,2.459
41036,16.0,3.159
29372,16.0,1.46
29327,16.0,1.767
38325,16.0,2.532
40327,16.0,3.159
20175,17.0,2.649
28974,17.0,2.922
42223,17.0,3.159
40979,17.0,3.436
30456,17.0,2.641
33621,17.0,2.758
41049,17.0,2.642
29331,17.0,1.653
44975,17.0,2.878
44901,17.0,2.815
21111,17.0,1.849
34405,17.0,3.776
34459,17.0,3.585
36784,17.0,1.964
24080,17.0,1.512
30139,17.0,2.063
29751,17.0,2.44
20679,17.0,1.157
36819,17.0,2.476
41110,17.0,2.855
40074,17.0,2.495
22236,17.0,1.78
27383,17.0,3.435
33613,17.0,3.208
33072,17.0,2.448
30166,17.0,2.014
33170,17.0,2.996
22349,17.0,1.495
42731,17.0,2.406
30604,17.0,2.573
30155,17.0,2.277
25294,17.0,2.119
33600,17.0,2.897
30613,17.0,2.272
30618,17.0,2.232
21122,17.0,1.942
42181,17.0,2.713
25282,17.0,2.239
29816,17.0,1.972
32975,17.0,2.96
26191,17.0,1.503
42191,17.0,3.886
22251,17.0,1.724
22829,17.0,2.448
25135,17.0,2.378
42153,17.0,2.555
24064,18.0,1.373
22583,18.0,2.075
29845,18.0,2.245
41467,18.0,2.812
24229,18.0,2.52
42917,18.0,3.077
42928,18.0,3.273
42901,18.0,3.123
37041,18.0,3.258
43846,18.0,2.006
43866,18.0,2.287
44751,18.0,2.068
21664,18.0,3.076
44120,18.0,3.447
39002,18.0,3.058
24214,18.0,1.655
21659,18.0,2.865
24768,18.0,1.436
44136,18.0,2.981
41488,18.0,2.588
38794,18.0,2.505
22274,18.0,2.321
22289,18.0,2.343
38744,18.0,2.779
38731,18.0,3.298
38717,18.0,3.119
34710,18.0,3.975
44739,18.0,2.362
24794,18.0,1.506
22596,18.0,2.468
40640,18.0,4.763
26562,18.0,1.865
22612,18.0,2.373
40123,18.0,2.394
42530,18.0,0.684
40004,18.0,2.097
26555,18.0,2.158
26597,18.0,1.959
39960,18.0,3.005
24813,19.0,2.527
37967,19.0,3.022
37968,19.0,3.24
24024,19.0,1.717
24802,19.0,1.803
37957,19.0,2.946
35527,19.0,2.757
24771,19.0,1.26
35543,19.0,2.933
38986,19.0,2.219
24816,19.0,2.328
44135,19.0,3.018
20227,19.0,3.05
38598,19.0,2.643
20207,19.0,3.1
30175,19.0,2.54
30173,19.0,1.635
37975,19.0,2.936
36886,19.0,2.264
30172,19.0,2.382
22304,19.0,1.659
24507,19.0,2.25
24504,19.0,2.277
24488,19.0,1.739
24224,19.0,2.667
36323,19.0,1.882
30150,19.0,2.301
22651,19.0,2.435
43908,19.0,2.11
36829,19.0,2.029
20862,19.0,1.4
41033,19.0,3.258
25198,19.0,2.454
26621,19.0,2.079
34893,19.0,3.181
22589,19.0,1.926
36920,19.0,2.343
25120,19.0,2.781
22661,19.0,2.376
29832,19.0,2.072
22581,19.0,2.127
41510,20.0,3.061
19439,20.0,1.302
38757,20.0,2.933
25528,20.0,2.301
22335,20.0,1.957
44145,20.0,2.57
30996,20.0,2.622
25579,20.0,2.18
29634,20.0,1.896
36321,20.0,2.193
38737,20.0,2.663
40654,20.0,3.54
30972,20.0,2.087
36348,20.0,2.184
32905,20.0,2.1
20401,20.0,3.148
37064,20.0,2.541
38708,20.0,2.705
33991,20.0,2.774
29358,20.0,2.982
25196,20.0,2.214
24811,20.0,1.807
30253,20.0,1.994
24801,20.0,1.836
37143,20.0,2.262
32972,20.0,2.037
36364,20.0,2.108
30636,20.0,2.424
40067,20.0,2.112
33620,20.0,2.576
21320,20.0,2.34
30935,20.0,2.843
30939,20.0,2.125
31255,20.0,3.716
22599,20.0,1.905
41957,20.0,1.036
34113,20.0,2.602
27736,20.0,3.119
22524,20.0,1.568
29851,20.0,1.469
30140,20.0,2.303
37951,20.0,3.155
24241,20.0,1.983
34065,20.0,2.551
44184,20.0,2.703
22505,20.0,1.412
22525,20.0,1.051
35622,20.0,2.909
33567,20.0,2.914
40430,20.0,2.774
44207,20.0,3.005
44215,20.0,2.354
29899,20.0,1.772
22670,20.0,1.945
41945,20.0,3.716
33119,20.0,1.833
34017,20.0,2.75
33582,20.0,3.006
42514,21.0,2.639
37641,21.0,3.299
21855,21.0,2.869
44430,21.0,2.913
26891,21.0,2.033
42784,21.0,0.785
37291,21.0,2.3
20864,21.0,1.376
26665,21.0,1.751
34161,21.0,2.753
19448,21.0,1.378
40994,21.0,4.323
34026,21.0,2.939
34157,21.0,2.677
43320,21.0,3.194
21343,21.0,2.236
39027,21.0,3.074
41458,21.0,3.018
39116,21.0,2.541
42757,21.0,1.163
38960,21.0,2.605
21355,21.0,2.4
22503,21.0,2.336
40468,21.0,2.317
24508,21.0,2.07
41515,21.0,3.522
25068,21.0,1.744
30619,21.0,2.335
27049,21.0,2.055
40317,21.0,2.909
22831,21.0,2.499
26969,21.0,2.083
42904,21.0,2.731
30153,21.0,2.085
22816,21.0,2.502
30547,21.0,2.276
22812,21.0,2.028
25103,21.0,2.046
43292,21.0,3.083
44350,21.0,2.903
22481,21.0,2.53
37320,21.0,3.054
42445,21.0,3.968
24282,21.0,1.862
40371,21.0,2.242
44926,21.0,2.438
34900,21.0,3.189
23009,21.0,2.235
42401,21.0,2.532
24515,21.0,1.697
41784,21.0,2.76
43259,21.0,3.133
42404,21.0,3.091
39004,21.0,3.345
34925,21.0,3.728
29637,21.0,1.88
35187,21.0,3.866
21843,21.0,2.996
44954,21.0,2.658
30506,21.0,2.236
39489,22.0,2.716
25081,22.0,2.235
44432,22.0,3.072
44194,22.0,2.275
22872,22.0,2.342
24992,22.0,2.139
38375,22.0,3.075
25060,22.0,2.397
20347,22.0,2.974
36820,22.0,1.931
36101,22.0,2.821
25097,22.0,2.241
30164,22.0,1.965
36153,22.0,2.67
22839,22.0,2.76
22833,22.0,2.1
24503,22.0,2.378
21098,22.0,1.799
22499,22.0,1.99
22832,22.0,2.141
38397,22.0,2.989
35231,22.0,2.823
38395,22.0,2.892
27011,22.0,2.138
39101,22.0,2.489
20316,22.0,2.956
38379,22.0,2.832
24200,22.0,1.353
44188,22.0,2.39
25654,22.0,2.414
30624,23.0,2.57
40267,23.0,2.0
31741,23.0,3.722
34455,23.0,2.725
39386,23.0,2.904
36872,23.0,2.113
37085,23.0,2.36
42115,23.0,3.664
42123,23.0,1.113
44452,23.0,2.55
30958,23.0,2.274
36099,23.0,3.058
44210,23.0,2.142
36873,23.0,2.357
44318,23.0,3.025
39121,23.0,2.713
34470,23.0,2.791
39110,23.0,2.656
30671,23.0,1.942
30638,23.0,2.168
25190,23.0,2.58
37609,23.0,2.488
41089,23.0,4.694
25083,23.0,1.858
37137,23.0,2.175
36817,23.0,2.151
33560,23.0,1.927
22852,23.0,2.05
24680,23.0,2.132
38408,23.0,2.855
30174,23.0,1.441
25647,23.0,2.214
24631,23.0,1.645
19619,23.0,1.199
30170,23.0,1.891
34412,23.0,2.641
30158,23.0,1.807
37067,23.0,2.202
37589,23.0,2.446
22463,23.0,1.983
33592,23.0,1.962
33584,23.0,2.238
24466,23.0,1.803
22802,23.0,1.89
44372,23.0,2.558
41335,23.0,2.764
24657,23.0,1.986
30481,23.0,2.145
24172,23.0,1.833
44388,23.0,2.437
39056,23.0,2.555
34391,23.0,2.67
21518,23.0,2.405
25073,23.0,2.085
30171,24.0,1.759
42751,24.0,3.479
30480,24.0,1.943
34432,24.0,2.654
34013,24.0,2.738
20545,24.0,2.776
26989,24.0,1.721
30957,24.0,2.017
34096,24.0,2.882
29855,24.0,3.318
37601,24.0,2.161
34107,24.0,2.742
30985,24.0,2.246
21523,24.0,2.006
22586,24.0,1.625
21538,24.0,2.203
22605,24.0,1.835
25856,24.0,2.379
31001,24.0,2.198
31446,24.0,2.157
34345,24.0,2.869
42721,24.0,3.813
30399,24.0,2.214
42766,24.0,2.848
35158,24.0,3.324
31480,24.0,2.041
19447,24.0,1.46
40584,24.0,2.773
31356,24.0,2.983
42164,24.0,2.98
22622,24.0,1.529
23254,24.0,2.494
24472,24.0,1.542
31226,24.0,2.45
34382,24.0,2.498
28158,24.0,2.625
42790,24.0,2.333
19628,24.0,1.757
19467,24.0,1.562
43245,24.0,2.573
21181,24.0,1.434
35155,24.0,3.359
37552,24.0,3.106
25928,24.0,2.174
43421,25.0,3.107
40582,25.0,2.953
43531,25.0,3.102
39762,25.0,2.951
44572,25.0,2.878
27374,25.0,1.894
39404,25.0,3.321
43118,25.0,1.368
40598,25.0,2.123
27355,25.0,2.043
43622,25.0,3.337
43125,25.0,1.431
44568,25.0,3.18
27470,25.0,2.314
23038,25.0,2.001
41983,25.0,2.649
41446,25.0,4.31
24662,25.0,1.957
24635,25.0,1.656
21997,25.0,2.837
21982,25.0,2.862
23033,25.0,2.311
25246,25.0,1.852
24518,25.0,1.498
25271,25.0,2.428
41854,25.0,2.978
19451,25.0,1.972
23010,25.0,2.433
35696,25.0,3.967
38083,25.0,3.356
39334,25.0,2.812
22606,25.0,2.458
22645,25.0,2.509
39251,25.0,2.688
40753,25.0,2.346
44361,25.0,2.42
44321,25.0,2.455
30526,25.0,1.988
39311,25.0,3.243
30953,26.0,2.46
39701,26.0,2.75
37565,26.0,2.176
44316,26.0,2.361
37566,26.0,2.168
26000,26.0,2.281
38632,26.0,2.875
36571,26.0,3.236
22639,26.0,1.972
24548,26.0,1.648
21368,26.0,1.985
38697,26.0,2.998
38682,26.0,2.856
23008,26.0,2.314
37076,26.0,2.156
35551,26.0,2.712
24616,26.0,2.2
38726,26.0,2.69
37557,26.0,2.54
30913,26.0,1.75
44573,26.0,2.935
25290,26.0,2.161
36500,26.0,2.542
30900,26.0,2.026
25351,26.0,1.829
23037,26.0,2.089
25267,26.0,1.841
23059,26.0,2.749
27416,26.0,2.146
39277,26.0,2.482
20466,26.0,2.761
25687,26.0,2.468
30438,26.0,2.033
23067,26.0,2.482
25074,26.0,2.206
25065,26.0,2.025
31030,26.0,1.956
20577,26.0,2.9
25082,26.0,2.453
25295,26.0,2.532
37112,27.0,2.32
30634,27.0,1.621
34920,27.0,2.68
22943,27.0,1.94
30477,27.0,1.877
34919,27.0,2.544
32055,27.0,3.245
22694,27.0,2.199
26324,27.0,2.61
31895,27.0,2.098
37956,27.0,2.405
44675,27.0,2.715
42494,27.0,1.414
22815,27.0,1.684
22836,27.0,2.049
44591,27.0,3.21
22844,27.0,1.626
26283,27.0,2.567
44602,27.0,2.611
30189,27.0,2.709
42511,27.0,3.549
30443,27.0,1.949
28605,27.0,2.738
34353,27.0,2.611
41151,27.0,2.754
31509,27.0,2.216
34367,27.0,2.645
34316,27.0,2.918
25287,27.0,2.102
34881,27.0,2.6
25334,27.0,2.066
19823,27.0,1.547
39282,27.0,2.588
39312,27.0,2.677
19567,27.0,1.609
39331,27.0,2.789
40670,27.0,1.981
31834,27.0,2.357
41318,27.0,3.655
34103,27.0,2.002
38061,27.0,2.777
24804,27.0,1.748
34118,27.0,1.901
41976,27.0,3.37
36607,27.0,2.949
37079,27.0,2.289
31874,27.0,2.557
20689,27.0,2.92
37086,27.0,2.19
34147,27.0,1.798
31025,27.0,1.59
19597,27.0,1.653
44579,27.0,2.668
38749,27.0,2.746
31866,27.0,2.147
34693,27.0,2.572
31021,27.0,2.185
25958,27.0,2.334
23011,27.0,2.069
30654,28.0,1.872
27342,28.0,2.002
38051,28.0,2.156
36096,28.0,4.167
43184,28.0,1.554
19803,28.0,1.577
43867,28.0,3.065
43879,28.0,3.377
43911,28.0,3.163
39627,28.0,2.621
39632,28.0,3.259
43429,28.0,2.812
34692,28.0,2.482
39716,28.0,2.835
39727,28.0,3.319
27806,28.0,1.74
27804,28.0,1.947
27773,28.0,1.928
43271,28.0,1.481
34716,28.0,2.598
21312,28.0,1.485
38385,28.0,3.466
31269,28.0,2.292
31259,28.0,2.8
31236,28.0,2.027
37970,28.0,3.008
19633,28.0,1.617
21617,28.0,2.094
31017,28.0,1.928
22865,28.0,2.198
22825,28.0,2.463
42541,28.0,3.074
42095,28.0,3.101
41925,28.0,2.972
41923,28.0,2.984
41904,28.0,4.067
35648,28.0,3.174
24644,28.0,1.505
43087,28.0,3.73
22154,28.0,2.85
24995,28.0,2.109
22116,28.0,2.892
41136,28.0,2.265
25122,28.0,1.804
40993,28.0,2.967
40992,28.0,2.502
43045,28.0,2.957
25627,28.0,1.868
21608,28.0,1.594
43007,28.0,2.839
43012,28.0,2.66
23447,28.0,2.216
42262,28.0,2.74
35646,28.0,3.35
23236,28.0,2.488
45060,28.0,3.206
45063,28.0,3.14
23229,28.0,2.368
23242,28.0,2.277
25108,29.0,2.536
26189,29.0,2.068
44590,29.0,2.816
44587,29.0,2.245
30902,29.0,2.045
24639,29.0,1.511
45059,29.0,3.14
25605,29.0,1.878
23217,29.0,2.302
39048,29.0,2.584
27776,29.0,2.142
39060,29.0,2.91
39773,29.0,2.542
39066,29.0,2.717
36130,29.0,2.731
25616,29.0,2.406
23247,29.0,2.35
39067,29.0,3.174
22855,29.0,2.06
25673,29.0,2.135
20692,29.0,3.02
23253,29.0,2.43
20739,29.0,2.612
23252,29.0,2.514
25664,29.0,2.136
40069,29.0,2.868
37625,29.0,2.046
36795,29.0,2.544
21516,29.0,1.788
23188,30.0,2.088
19987,30.0,1.449
39075,30.0,3.058
25607,30.0,2.0
30945,30.0,1.896
25347,30.0,1.768
25371,30.0,1.871
21829,30.0,2.268
31027,30.0,1.912
25375,30.0,2.381
32755,30.0,3.174
25624,30.0,2.204
34469,30.0,1.906
42789,30.0,1.64
38336,30.0,2.381
22875,30.0,2.352
45057,30.0,2.683
38092,30.0,2.298
38343,30.0,2.794
45056,30.0,2.316
42207,30.0,3.066
38078,30.0,2.458
44929,30.0,3.025
35293,30.0,2.454
35285,30.0,2.662
36789,30.0,2.628
34404,30.0,1.9
41108,30.0,1.963
31374,30.0,2.077
31403,30.0,1.829
41933,30.0,3.217
38059,30.0,2.149
30901,30.0,1.63
39645,30.0,2.627
42673,30.0,3.61
31463,30.0,2.274
24714,30.0,1.865
23235,30.0,1.799
31464,30.0,1.8
24998,30.0,1.787
44924,30.0,2.687
35262,30.0,2.597
25914,30.0,2.805
34433,30.0,2.224
39705,30.0,2.686
44662,30.0,2.565
37653,30.0,2.278
39780,30.0,2.671
40055,30.0,2.682
37627,30.0,2.306
26229,30.0,2.543
31896,30.0,2.258
37623,30.0,2.336
35173,30.0,2.925
31881,31.0,1.62
41367,31.0,2.798
22947,31.0,1.819
25034,31.0,1.801
30611,31.0,2.795
43276,31.0,2.911
42759,31.0,2.737
43257,31.0,2.72
34914,31.0,2.451
19829,31.0,1.584
34706,31.0,2.539
28931,31.0,2.682
34845,31.0,2.772
43826,31.0,2.697
30904,31.0,1.776
19837,31.0,1.612
43246,31.0,2.877
26690,31.0,2.344
21811,31.0,2.188
38409,31.0,2.062
36142,31.0,3.547
42175,31.0,3.563
31324,31.0,1.934
38440,31.0,3.183
26586,31.0,2.308
19428,31.0,1.792
42139,31.0,2.956
42106,31.0,2.858
36137,31.0,3.352
27700,31.0,1.933
31349,31.0,2.101
32054,31.0,2.155
32348,31.0,2.202
35252,31.0,2.518
43201,31.0,3.711
35233,31.0,2.405
32398,31.0,2.513
31890,31.0,1.901
19976,31.0,1.587
22941,31.0,2.042
35274,31.0,2.599
21808,31.0,1.891
23602,31.0,2.291
20912,31.0,2.843
23040,31.0,1.716
21487,31.0,1.709
31861,31.0,2.07
32239,31.0,2.439
44925,32.0,2.132
43978,32.0,3.465
41796,32.0,4.156
36507,32.0,3.826
40117,32.0,3.151
23353,32.0,2.219
43971,32.0,3.173
40113,32.0,2.685
22355,32.0,2.694
22357,32.0,2.621
23018,32.0,2.357
23366,32.0,2.322
28130,32.0,1.954
40146,32.0,3.109
28123,32.0,1.89
43468,32.0,1.731
43461,32.0,1.83
25299,32.0,2.281
19831,32.0,1.997
25335,32.0,1.761
19487,32.0,1.696
23004,32.0,2.531
31477,32.0,1.975
26001,32.0,1.869
25013,32.0,1.817
38609,32.0,3.673
40425,32.0,2.637
40134,32.0,3.003
42387,32.0,3.077
28163,32.0,1.648
42478,32.0,2.683
44081,32.0,3.266
23382,32.0,2.199
41423,32.0,2.799
44931,32.0,2.708
25992,32.0,2.029
41270,32.0,2.366
41258,32.0,2.421
39897,33.0,2.679
26646,33.0,2.376
25042,33.0,1.95
28182,33.0,2.017
38339,33.0,2.374
38025,33.0,2.139
45076,33.0,2.39
25929,33.0,1.767
23387,33.0,2.579
39481,33.0,2.843
38407,33.0,2.157
22983,33.0,1.925
40429,33.0,2.659
19441,33.0,1.803
20921,33.0,2.462
39438,33.0,2.866
25629,33.0,2.315
42150,33.0,3.43
23463,33.0,2.327
39377,33.0,2.569
38359,33.0,2.379
20887,33.0,2.836
25880,33.0,2.116
31824,33.0,1.764
25570,33.0,1.871
31820,33.0,1.735
31308,33.0,1.833
37322,33.0,2.669
25814,33.0,2.009
36516,33.0,2.544
21630,33.0,1.788
25859,33.0,2.207
39459,33.0,2.638
23330,33.0,2.395
31850,33.0,2.297
23444,33.0,2.131
37319,33.0,2.435
26201,33.0,2.543
25379,33.0,2.452
25521,33.0,2.105
31848,33.0,2.004
42482,34.0,3.225
37297,34.0,2.802
20096,34.0,1.628
29427,34.0,2.793
19990,34.0,1.748
34934,34.0,2.111
35218,34.0,2.863
32317,34.0,1.915
39902,34.0,2.824
23474,34.0,2.243
43036,34.0,2.001
35230,34.0,2.756
23452,34.0,1.925
41826,34.0,3.799
26492,34.0,2.434
34918,34.0,1.835
37905,34.0,2.504
23184,34.0,1.821
38707,34.0,2.79
38706,34.0,2.396
31410,34.0,1.763
25849,34.0,2.031
32697,34.0,2.229
22986,34.0,2.434
42884,34.0,3.627
21087,34.0,2.735
23187,34.0,1.958
32978,34.0,2.612
30938,34.0,3.023
21992,34.0,2.448
25223,34.0,1.841
37809,34.0,2.41
27067,34.0,2.596
23232,34.0,1.879
37838,34.0,2.219
32654,34.0,2.35
35715,34.0,2.666
31854,34.0,2.108
35698,34.0,2.542
40111,34.0,2.952
39376,34.0,2.729
41339,34.0,2.1
35191,34.0,2.649
27081,34.0,2.307
31819,34.0,1.965
19631,34.0,1.821
31544,34.0,1.761
32699,34.0,2.328
34890,34.0,1.815
32669,34.0,2.359
25841,34.0,1.988
35703,34.0,2.587
31473,34.0,1.884
19932,34.0,1.948
35709,34.0,2.387
40100,34.0,2.75
35549,35.0,2.512
26192,35.0,2.026
42460,35.0,3.076
23582,35.0,2.33
43423,35.0,2.665
44341,35.0,3.14
42376,35.0,2.977
43743,35.0,1.89
23616,35.0,2.181
40445,35.0,2.874
20157,35.0,1.65
42228,35.0,3.812
23626,35.0,2.24
19657,35.0,1.76
43745,35.0,1.938
23824,35.0,2.257
42984,35.0,2.995
43414,35.0,3.667
42578,35.0,3.744
44282,35.0,3.256
35526,35.0,2.396
23243,35.0,2.473
31465,35.0,1.733
36368,35.0,2.942
25563,35.0,2.408
21999,35.0,1.923
21678,35.0,1.611
42678,35.0,2.773
22012,35.0,2.195
44378,35.0,3.441
44040,35.0,2.786
31858,35.0,1.715
19938,35.0,2.239
42684,35.0,3.071
35600,35.0,2.61
28239,35.0,1.794
40423,35.0,2.564
36844,35.0,3.266
23200,35.0,2.431
32309,35.0,2.075
25225,35.0,1.696
43432,35.0,2.815
40477,35.0,3.36
32330,35.0,2.058
28503,35.0,1.586
25549,35.0,1.766
26206,35.0,2.09
22466,35.0,2.75
36366,35.0,3.182
28483,35.0,1.997
38675,35.0,2.12
40476,35.0,3.061
38687,35.0,3.005
22484,35.0,2.675
28449,35.0,2.106
43519,35.0,2.632
32384,35.0,1.984
38979,35.0,3.697
23591,36.0,2.592
37637,36.0,2.69
23581,36.0,2.295
40289,36.0,2.655
23207,36.0,1.979
39665,36.0,2.919
23608,36.0,2.21
26250,36.0,2.255
26247,36.0,2.069
36904,36.0,2.464
26239,36.0,2.51
38398,36.0,2.095
39748,36.0,2.54
25331,36.0,1.881
19614,36.0,1.645
31873,36.0,1.898
25575,36.0,2.387
39711,36.0,2.897
21108,36.0,2.921
28515,36.0,1.26
40590,36.0,2.877
39695,36.0,2.759
21079,36.0,2.618
21845,36.0,1.874
26313,36.0,2.026
27022,36.0,2.424
23609,36.0,2.409
22547,36.0,2.478
37537,36.0,2.57
40691,37.0,2.689
32199,37.0,1.764
32161,37.0,2.082
31838,37.0,2.067
32661,37.0,2.294
40269,37.0,2.749
36069,37.0,2.6
40276,37.0,2.813
38380,37.0,2.752
35186,37.0,2.239
43313,37.0,1.91
43170,37.0,3.456
25660,37.0,1.751
31844,37.0,1.634
25797,37.0,1.945
23610,37.0,2.15
32232,37.0,1.792
23195,37.0,2.403
38390,37.0,2.433
27004,37.0,2.364
36030,37.0,2.786
31857,37.0,1.829
38392,37.0,2.5
25861,37.0,2.376
25884,37.0,1.951
32314,37.0,2.243
40282,37.0,2.683
25309,37.0,1.642
26485,37.0,2.323
38730,37.0,2.665
35165,37.0,1.936
38750,37.0,2.291
35225,37.0,1.898
38784,37.0,2.573
38978,37.0,2.438
37569,37.0,2.982
39028,37.0,3.066
23630,37.0,2.037
42524,37.0,3.019
42711,37.0,3.357
26251,37.0,2.121
20380,37.0,1.66
42159,37.0,3.084
36075,37.0,2.604
39765,37.0,2.87
26236,37.0,2.026
33519,37.0,3.044
22105,37.0,2.39
36002,37.0,2.478
32674,38.0,1.947
32692,38.0,1.969
33165,38.0,2.354
32918,38.0,2.338
19795,38.0,1.926
32321,38.0,1.988
31835,38.0,1.694
31471,38.0,3.002
32700,38.0,1.999
32327,38.0,2.181
33079,38.0,2.043
33105,38.0,1.997
27405,38.0,2.615
25545,38.0,1.628
28578,38.0,1.926
41969,38.0,2.694
43784,38.0,3.824
42667,38.0,3.053
42677,38.0,2.981
35686,38.0,2.815
43814,38.0,2.553
22120,38.0,2.112
39008,38.0,3.043
22118,38.0,2.355
42709,38.0,3.631
39025,38.0,2.177
43817,38.0,3.084
21821,38.0,1.712
20410,38.0,1.807
20190,38.0,1.821
36064,38.0,2.423
29725,38.0,2.485
36900,38.0,3.395
27298,38.0,2.377
23411,38.0,1.952
21325,38.0,2.775
44294,38.0,2.757
36856,38.0,3.041
43199,38.0,3.321
36061,38.0,2.384
20130,38.0,1.837
23405,38.0,2.109
23454,38.0,1.896
35495,38.0,2.848
24050,38.0,2.294
35492,38.0,2.801
36005,38.0,2.587
43079,39.0,2.757
19367,39.0,1.649
44705,39.0,3.462
40604,39.0,2.768
25789,39.0,2.185
19813,39.0,1.717
25802,39.0,1.728
44765,39.0,3.377
26446,39.0,1.993
37103,39.0,3.467
39385,39.0,3.672
44682,39.0,3.236
29054,39.0,2.275
43047,39.0,3.125
26661,39.0,1.939
25531,39.0,1.797
22667,39.0,2.558
23331,39.0,2.54
20133,39.0,2.279
23781,39.0,2.256
23340,39.0,2.365
44202,39.0,2.122
42418,39.0,3.899
29072,39.0,2.108
44199,39.0,2.095
23768,39.0,2.314
22686,39.0,2.533
41979,39.0,2.306
41899,39.0,2.441
32152,39.0,1.849
41111,39.0,2.786
41790,39.0,2.798
40817,39.0,2.53
40807,39.0,3.347
40813,39.0,3.059
29080,39.0,1.798
23760,39.0,2.268
32238,40.0,1.929
27017,40.0,2.388
21376,40.0,3.018
26471,40.0,2.369
26552,40.0,2.216
19391,40.0,1.731
25596,40.0,2.027
26478,40.0,2.169
21372,40.0,2.689
23827,40.0,2.632
42681,40.0,3.269
26420,40.0,2.158
19417,40.0,1.91
26269,40.0,2.014
40614,40.0,2.767
32614,40.0,1.774
32708,40.0,1.792
23742,40.0,2.289
21993,40.0,1.86
26154,40.0,2.05
32666,40.0,1.814
23774,40.0,2.52
41141,40.0,2.788
25845,40.0,2.411
23861,40.0,2.485
32638,40.0,2.122
26268,40.0,2.318
19382,40.0,1.531
23332,40.0,2.149
37084,40.0,2.533
37927,40.0,2.614
38680,40.0,2.378
38954,40.0,2.627
39016,40.0,2.211
39033,40.0,2.712
37880,40.0,2.545
29062,40.0,2.199
40019,40.0,2.863
40026,40.0,3.098
40039,40.0,3.049
27456,40.0,2.117
19834,40.0,1.911
40061,40.0,2.569
21484,41.0,2.793
23401,41.0,2.525
36310,41.0,2.531
23749,41.0,1.83
36313,41.0,2.422
31738,41.0,2.83
33636,41.0,2.425
20424,41.0,1.943
40660,41.0,2.686
40646,41.0,2.984
20475,41.0,1.718
36453,41.0,2.483
36066,41.0,2.562
39403,41.0,2.432
25909,41.0,1.799
32679,41.0,2.026
20317,41.0,1.826
32197,41.0,1.826
22275,41.0,2.305
38746,41.0,2.441
23820,41.0,2.242
36112,41.0,2.762
30246,41.0,2.507
32173,41.0,1.948
33488,41.0,2.508
38561,41.0,2.581
38628,41.0,2.482
35479,41.0,2.034
33184,41.0,2.004
35555,41.0,1.983
33940,41.0,3.056
37903,41.0,2.848
32194,41.0,1.665
41881,41.0,2.128
40580,41.0,2.662
39409,41.0,2.928
42232,41.0,2.669
23603,41.0,2.051
36316,41.0,2.321
36022,41.0,2.775
27463,41.0,2.234
43538,41.0,2.079
43067,41.0,3.548
26444,41.0,2.193
32644,41.0,2.171
27547,41.0,2.242
20003,41.0,2.031
33548,41.0,2.458
23606,41.0,1.845
27770,41.0,2.292
35610,41.0,2.314
23660,41.0,1.938
27809,41.0,2.584
40052,41.0,2.835
43577,41.0,3.438
26441,41.0,2.125
33634,41.0,2.112
19624,42.0,1.745
24213,42.0,2.272
44168,42.0,3.601
33166,42.0,2.067
37071,42.0,3.043
24090,42.0,2.362
19972,42.0,1.72
32229,42.0,1.729
25961,42.0,1.796
36414,42.0,2.562
22864,42.0,2.511
44303,42.0,2.111
44973,42.0,3.111
44968,42.0,3.367
36417,42.0,2.337
23588,42.0,2.397
42233,42.0,2.982
24012,42.0,2.265
43165,42.0,3.262
24020,42.0,2.532
44284,42.0,2.013
42216,42.0,2.404
33077,42.0,1.967
44158,42.0,2.749
39706,42.0,3.568
44154,42.0,3.071
39472,42.0,2.295
43059,42.0,3.169
44792,42.0,2.885
27065,42.0,2.017
37057,42.0,3.275
42959,42.0,3.571
32646,42.0,1.651
22804,42.0,2.462
26178,42.0,1.774
20487,42.0,1.828
28831,42.0,1.725
26164,42.0,2.241
39468,42.0,3.263
23642,42.0,2.497
43587,42.0,3.14
27035,42.0,1.895
45004,42.0,3.246
29290,42.0,2.193
37582,42.0,3.262
22276,42.0,2.18
43287,42.0,2.792
22269,42.0,2.049
42704,42.0,4.021
44125,42.0,2.909
36405,42.0,2.171
42251,42.0,2.491
42881,42.0,2.964
41039,42.0,3.298
29339,42.0,1.702
21976,42.0,1.775
41010,42.0,3.067
32951,42.0,1.998
20369,42.0,2.541
40970,42.0,2.874
41042,42.0,2.464
29282,42.0,1.888
23663,43.0,2.134
20011,43.0,2.079
38356,43.0,2.592
38436,43.0,2.633
29369,43.0,2.075
39081,43.0,2.419
27835,43.0,2.177
19665,43.0,1.576
27080,43.0,2.048
27055,43.0,2.27
27046,43.0,2.074
19636,43.0,1.816
24027,43.0,2.348
40285,43.0,2.348
40318,43.0,2.724
40328,43.0,2.902
26920,43.0,2.418
41378,43.0,2.921
26263,43.0,2.424
32651,43.0,1.98
21552,43.0,2.887
21555,43.0,2.495
25855,43.0,1.678
24091,43.0,2.463
19576,43.0,1.779
37581,43.0,2.386
40334,43.0,3.002
24092,43.0,2.52
41015,43.0,2.771
22123,43.0,1.888
24093,43.0,2.551
34384,44.0,3.074
36839,44.0,2.388
36878,44.0,2.553
36157,44.0,2.037
36163,44.0,2.208
36117,44.0,2.124
36874,44.0,2.449
19354,44.0,1.917
42997,44.0,3.216
27036,44.0,2.089
27327,44.0,2.347
39323,44.0,2.428
32668,44.0,1.712
23666,44.0,2.602
32609,44.0,2.064
22511,44.0,2.325
27709,44.0,2.258
39772,44.0,3.044
33040,44.0,2.006
39745,44.0,2.511
38437,44.0,2.862
43813,44.0,2.109
43807,44.0,3.722
20731,44.0,1.978
39426,44.0,2.871
39410,44.0,2.604
39057,44.0,2.506
39078,44.0,2.351
39097,44.0,2.774
26910,44.0,2.161
32732,44.0,1.812
24042,44.0,1.895
41344,44.0,2.595
41035,44.0,3.004
41025,44.0,2.642
41014,44.0,2.671
33631,44.0,2.406
25850,44.0,2.014
42138,44.0,2.127
26298,44.0,1.916
33075,44.0,1.762
26524,44.0,1.992
26592,44.0,2.186
26503,44.0,2.418
43316,44.0,3.242
40307,44.0,2.924
33185,44.0,1.868
24051,44.0,2.173
33136,44.0,1.837
43281,45.0,2.851
23785,45.0,1.906
43280,45.0,3.175
36866,45.0,2.356
23780,45.0,1.963
43279,45.0,3.607
21644,45.0,2.807
36884,45.0,2.335
22148,45.0,1.724
22513,45.0,1.962
26235,45.0,1.972
28013,45.0,2.452
36910,45.0,2.364
39731,45.0,2.367
39778,45.0,3.183
42429,45.0,2.755
22474,45.0,2.311
28075,45.0,2.286
23735,45.0,2.028
33868,45.0,2.464
24541,45.0,2.219
36395,45.0,2.829
37640,45.0,2.932
33547,45.0,2.252
36401,45.0,2.491
37639,45.0,2.914
32215,45.0,2.863
32618,45.0,1.793
33493,45.0,2.124
33476,45.0,1.889
44329,45.0,2.684
44370,45.0,3.005
44392,45.0,3.331
33206,45.0,1.801
33129,45.0,2.192
34125,45.0,2.332
20119,45.0,1.87
36419,45.0,2.661
45035,45.0,2.903
29328,45.0,1.821
43730,45.0,3.02
20737,45.0,1.749
33948,45.0,2.516
20504,45.0,1.976
34140,45.0,2.273
44279,45.0,2.708
30645,45.0,2.418
20478,45.0,1.814
26301,46.0,1.823
41508,46.0,3.167
33180,46.0,1.883
41490,46.0,2.557
41484,46.0,2.926
26536,46.0,2.087
24281,46.0,2.552
44658,46.0,2.191
26506,46.0,2.062
24232,46.0,2.388
24242,46.0,2.428
44654,46.0,2.027
43377,46.0,3.293
23864,46.0,2.448
29726,46.0,2.017
20482,46.0,2.485
29711,46.0,1.967
39873,46.0,3.55
37823,46.0,3.659
42479,46.0,3.003
42936,46.0,4.09
22928,46.0,2.562
22929,46.0,2.391
42470,46.0,2.436
20106,46.0,1.853
41512,46.0,2.927
27277,46.0,2.06
27230,46.0,2.068
19765,46.0,1.798
29646,46.0,1.817
23796,46.0,2.508
43584,46.0,2.7
42427,46.0,2.676
21706,47.0,2.944
21720,47.0,2.649
24266,47.0,2.655
19438,47.0,1.96
24192,47.0,2.4
22301,47.0,1.885
24211,47.0,2.409
24198,47.0,2.459
19742,47.0,1.869
20153,47.0,1.968
19725,47.0,1.973
43295,47.0,2.836
19760,47.0,1.659
19648,47.0,1.861
23791,47.0,2.01
40695,47.0,2.61
33492,47.0,2.078
37873,47.0,2.552
26943,47.0,2.464
39696,47.0,2.58
27361,47.0,2.173
27389,47.0,2.305
26897,47.0,2.025
33051,47.0,1.837
38639,47.0,2.626
38648,47.0,2.566
39653,47.0,2.64
26525,47.0,2.423
26169,47.0,2.016
39729,47.0,2.591
29647,47.0,2.101
28100,47.0,2.251
40681,47.0,2.805
33564,47.0,2.189
33575,47.0,1.787
40683,47.0,2.46
33577,47.0,1.904
40707,47.0,2.773
27689,47.0,2.398
41283,47.0,2.829
27471,47.0,2.402
27474,47.0,1.987
39433,47.0,2.4
27058,47.0,2.016
41464,48.0,2.723
20735,48.0,1.779
20697,48.0,2.043
34406,48.0,2.307
37075,48.0,2.572
37063,48.0,2.436
20966,48.0,1.807
43404,48.0,3.207
38658,48.0,2.927
34324,48.0,2.53
44140,48.0,3.272
19364,48.0,1.527
36336,48.0,1.951
19411,48.0,1.616
33816,48.0,2.382
33501,48.0,2.103
33498,48.0,2.29
33100,48.0,1.737
20374,48.0,2.004
33053,48.0,1.908
32953,48.0,2.02
37111,48.0,2.538
32759,48.0,2.779
34322,48.0,2.528
37047,48.0,2.354
30918,48.0,2.471
44160,48.0,2.301
36403,48.0,2.184
39378,48.0,2.699
34456,48.0,2.263
41480,48.0,3.018
40128,48.0,2.47
28585,48.0,2.243
40144,48.0,3.026
34907,48.0,3.099
24030,48.0,2.002
24040,48.0,1.948
24046,48.0,2.016
26609,48.0,1.903
27436,48.0,2.231
40589,48.0,2.892
36831,48.0,2.544
36780,48.0,2.604
24223,48.0,2.307
41287,48.0,2.821
24186,48.0,1.972
27441,48.0,2.191
23779,48.0,2.554
28099,48.0,2.27
39407,48.0,2.513
28497,48.0,2.436
39484,48.0,2.436
42520,48.0,2.31
21865,48.0,2.459
42689,48.0,2.838
36375,48.0,2.197
36892,48.0,2.383
22641,48.0,2.455
42688,49.0,2.418
45075,49.0,2.132
45071,49.0,2.059
44029,49.0,3.238
37118,49.0,2.47
43267,49.0,3.826
37160,49.0,2.296
44710,49.0,2.717
44673,49.0,2.928
43548,49.0,3.128
37128,49.0,2.182
43559,49.0,3.575
44632,49.0,2.594
44631,49.0,3.344
37898,49.0,3.006
43607,49.0,2.717
37897,49.0,2.946
38425,49.0,3.183
42707,49.0,2.909
42694,49.0,2.603
40309,49.0,3.694
43737,49.0,2.649
43778,49.0,3.159
40000,49.0,2.417
40024,49.0,3.185
30190,49.0,2.036
24521,49.0,2.256
24460,49.0,2.263
19941,49.0,1.783
30187,49.0,1.764
30211,49.0,1.912
24094,49.0,2.42
20973,49.0,1.962
29593,49.0,1.856
24086,49.0,2.511
23210,49.0,2.334
22239,49.0,1.856
32947,49.0,1.667
22674,49.0,2.243
22608,49.0,2.181
33614,49.0,1.958
33818,49.0,1.963
19416,49.0,1.467
33831,49.0,2.117
20804,49.0,2.559
24587,49.0,2.166
33870,49.0,1.986
24660,49.0,2.018
26930,49.0,1.97
26973,49.0,2.309
26574,49.0,1.984
19389,49.0,1.811
20419,49.0,2.013
27695,49.0,2.013
27708,49.0,1.891
27867,50.0,1.991
27864,50.0,2.105
24087,50.0,2.013
27853,50.0,2.004
38993,50.0,2.57
38349,50.0,2.242
33513,50.0,1.952
20412,50.0,1.843
26669,50.0,1.824
27789,50.0,2.362
19574,50.0,1.948
19940,50.0,1.698
28583,50.0,2.312
24584,50.0,2.476
24561,50.0,2.662
20012,50.0,1.918
24545,50.0,2.525
22523,50.0,1.984
38995,50.0,2.561
41109,50.0,2.945
41102,50.0,2.485
38455,50.0,3.587
41101,50.0,3.017
19965,50.0,1.96
41921,50.0,2.967
41099,50.0,2.662
30185,50.0,1.983
39700,50.0,2.63
24536,50.0,2.241
26898,50.0,2.284
21862,50.0,2.839
21840,50.0,2.685
41962,51.0,2.819
39950,51.0,2.555
33842,51.0,1.776
24083,51.0,2.395
33827,51.0,2.129
41658,51.0,2.638
39756,51.0,2.331
41653,51.0,3.002
33627,51.0,2.127
27821,51.0,2.3
27846,51.0,2.131
33561,51.0,1.859
43528,51.0,3.181
19632,51.0,1.727
27975,51.0,2.321
33526,51.0,2.11
19609,51.0,1.555
39032,51.0,2.67
42680,51.0,2.37
41103,51.0,2.741
37655,51.0,2.469
37648,51.0,2.619
28606,51.0,2.275
22798,51.0,2.479
40472,51.0,3.05
37632,51.0,2.48
39617,51.0,2.898
37620,51.0,2.491
33867,51.0,2.269
39979,51.0,2.864
24563,51.0,2.415
39988,51.0,2.567
26628,51.0,2.079
40261,51.0,2.223
27020,51.0,1.958
24459,51.0,1.966
35236,51.0,2.899
36791,51.0,1.992
27357,51.0,2.03
33875,51.0,1.985
34422,51.0,2.088
44485,51.0,3.154
27475,51.0,1.994
27482,51.0,2.358
19784,51.0,1.794
21076,51.0,1.886
44331,51.0,2.258
36766,51.0,2.36
36783,51.0,1.994
43760,51.0,3.301
39649,51.0,2.598
38441,52.0,2.91
38384,52.0,3.165
30209,52.0,1.844
43776,52.0,3.182
24272,52.0,1.919
19675,52.0,2.098
21084,52.0,1.919
31364,52.0,2.239
25025,52.0,2.132
37615,52.0,2.379
43735,52.0,2.698
22006,52.0,2.494
19603,52.0,1.471
37664,52.0,2.214
24189,52.0,1.984
28957,52.0,2.665
29034,52.0,2.364
44471,52.0,3.076
42892,52.0,3.042
24195,52.0,2.015
34789,52.0,2.034
40427,52.0,2.498
33521,52.0,1.836
22848,52.0,2.367
37553,52.0,2.085
44932,52.0,2.337
34343,52.0,2.135
33825,52.0,2.174
37208,52.0,2.696
37337,52.0,2.673
37182,52.0,2.58
33826,52.0,1.993
44920,52.0,2.941
44936,52.0,3.143
20964,52.0,1.92
22526,52.0,1.903
40439,52.0,3.003
20932,52.0,2.051
20456,52.0,2.011
44985,52.0,2.63
34745,52.0,2.373
22834,52.0,2.057
34752,52.0,2.541
34346,52.0,2.009
34318,52.0,2.022
34784,52.0,2.25
27056,52.0,1.784
24735,53.0,2.333
42991,53.0,2.83
20485,53.0,1.886
41982,53.0,2.475
20967,53.0,2.561
24177,53.0,2.44
33925,53.0,1.979
27430,53.0,1.959
24754,53.0,2.295
27364,53.0,2.036
42905,53.0,2.614
30409,53.0,1.807
20186,53.0,1.972
28222,53.0,1.993
41954,53.0,3.006
41974,53.0,3.181
40838,53.0,3.671
28054,53.0,1.98
43540,53.0,3.58
42938,53.0,2.687
30478,53.0,2.09
42112,53.0,3.063
27071,53.0,1.839
23470,53.0,2.34
24788,53.0,2.361
44107,53.0,3.236
41916,53.0,2.85
24201,53.0,2.494
44211,53.0,2.734
23427,53.0,2.486
30522,53.0,2.013
41887,54.0,2.782
27064,54.0,2.061
27518,54.0,2.311
27573,54.0,2.005
19985,54.0,1.911
22002,54.0,2.562
27680,54.0,2.412
27365,54.0,2.384
28077,54.0,2.161
38720,54.0,2.352
28059,54.0,2.121
28079,54.0,2.361
28056,54.0,2.116
39470,54.0,2.519
20181,54.0,2.095
39357,54.0,2.527
20223,54.0,1.944
40419,54.0,2.991
28993,54.0,2.178
20172,54.0,1.719
40418,54.0,2.571
43792,54.0,3.026
20460,54.0,1.786
41319,54.0,2.749
41374,54.0,2.878
41384,54.0,2.607
24763,54.0,2.54
24720,54.0,2.542
24715,54.0,2.196
24636,54.0,2.394
27808,54.0,2.212
40396,54.0,2.716
39850,54.0,2.923
21939,54.0,2.358
41324,54.0,2.962
28468,54.0,2.518
27747,54.0,2.004
37806,54.0,2.577
22709,54.0,1.972
33865,54.0,1.944
34417,54.0,1.907
34421,54.0,2.029
30463,54.0,2.027
34440,54.0,1.992
42171,54.0,2.767
34378,54.0,2.252
19862,54.0,1.962
24215,54.0,2.174
29376,55.0,2.333
37314,55.0,2.331
28065,55.0,2.17
37543,55.0,2.604
37877,55.0,2.53
41763,55.0,3.076
37282,55.0,2.081
42980,55.0,2.405
24538,55.0,1.948
37262,55.0,2.169
31872,55.0,2.312
44711,55.0,2.48
37920,55.0,2.505
28072,55.0,2.113
40663,55.0,2.36
37644,55.0,2.519
37912,55.0,2.472
24623,55.0,2.298
39475,55.0,2.761
21116,55.0,2.163
43282,55.0,2.864
22987,55.0,2.307
29400,55.0,2.482
24711,55.0,1.871
35594,55.0,2.811
21070,55.0,1.815
34411,55.0,2.279
35196,55.0,2.566
20811,55.0,1.905
24247,55.0,2.537
37827,55.0,2.418
21236,55.0,1.768
22129,55.0,2.673
22063,55.0,2.707
24455,55.0,1.967
44231,55.0,3.259
19847,55.0,1.646
27464,55.0,1.942
34795,55.0,2.221
34383,55.0,2.187
40816,55.0,2.904
41379,55.0,2.888
33882,55.0,2.004
41898,55.0,2.782
28987,55.0,2.27
33866,55.0,1.916
39949,55.0,2.76
24497,55.0,2.094
33930,55.0,2.111
19763,55.0,1.744
41846,55.0,2.606
39863,55.0,2.581
39851,55.0,2.542
42213,56.0,3.177
25027,56.0,2.303
42219,56.0,2.975
25041,56.0,2.474
28516,56.0,1.98
25021,56.0,2.459
20720,56.0,1.823
25385,56.0,2.153
44000,56.0,2.689
44011,56.0,3.031
20378,56.0,1.961
27244,56.0,2.05
34430,56.0,1.943
33881,56.0,1.873
27741,56.0,1.978
27751,56.0,2.294
21228,56.0,2.031
34810,56.0,2.312
43264,56.0,2.614
43278,56.0,2.496
34869,56.0,2.206
22617,56.0,1.952
44760,56.0,3.072
40585,56.0,2.583
22977,56.0,2.097
40706,56.0,2.9
22985,56.0,2.306
28496,56.0,1.962
34864,56.0,1.995
24534,56.0,2.448
30597,56.0,1.848
19761,56.0,2.086
23653,56.0,2.423
42205,56.0,2.533
37860,56.0,2.396
44281,56.0,2.643
19719,56.0,1.55
43314,56.0,2.947
31002,56.0,1.955
31005,56.0,2.165
37829,56.0,2.35
21072,56.0,2.496
23622,56.0,2.437
42132,56.0,2.911
44428,56.0,3.007
24549,56.0,2.544
37807,56.0,2.245
31009,56.0,1.865
22854,57.0,2.004
40386,57.0,2.698
28551,57.0,2.139
28543,57.0,2.273
24987,57.0,2.564
31011,57.0,2.071
39783,57.0,2.605
39770,57.0,2.54
27759,57.0,2.259
24531,57.0,2.247
42546,57.0,3.046
29441,57.0,2.225
42147,57.0,2.773
20794,57.0,1.837
40901,57.0,2.996
25134,57.0,2.518
20366,57.0,2.075
34452,57.0,1.926
20417,57.0,1.679
25014,57.0,2.225
27275,57.0,1.796
20398,57.0,1.929
25024,57.0,2.487
28598,57.0,2.456
39091,57.0,2.353
19931,57.0,1.975
28619,57.0,2.269
25045,57.0,2.575
22108,57.0,2.752
34695,58.0,2.076
44966,58.0,2.446
28011,58.0,2.027
34698,58.0,1.885
44330,58.0,2.861
27965,58.0,2.075
34451,58.0,2.123
40383,58.0,2.908
19951,58.0,1.912
35224,58.0,2.327
38299,58.0,2.337
38295,58.0,2.379
40385,58.0,2.601
44054,58.0,2.949
24525,58.0,2.595
34370,58.0,2.189
38318,58.0,2.6
40389,58.0,2.589
34393,58.0,2.043
19978,58.0,1.574
38329,58.0,2.48
27407,58.0,2.196
34857,58.0,2.185
27819,58.0,1.857
39718,58.0,2.789
42516,58.0,2.774
20204,58.0,1.88
43303,58.0,2.42
28537,58.0,2.194
28041,58.0,2.423
36148,58.0,2.928
42182,58.0,2.737
23201,58.0,2.392
41074,58.0,2.268
32035,58.0,2.334
28532,58.0,2.153
25020,58.0,2.363
37672,58.0,2.395
29003,58.0,2.466
37785,58.0,2.571
41114,58.0,2.836
29435,58.0,2.225
25033,58.0,1.92
40783,58.0,2.596
37617,58.0,1.981
40777,58.0,2.553
37630,58.0,2.043
34922,58.0,2.249
40787,58.0,2.966
42127,58.0,2.807
34386,59.0,1.953
24709,59.0,1.904
25565,59.0,2.169
44359,59.0,2.574
19981,59.0,2.029
37837,59.0,2.631
38333,59.0,2.195
38337,59.0,2.45
34689,59.0,1.919
29594,59.0,2.389
37930,59.0,2.732
38361,59.0,2.328
35201,59.0,2.215
41146,59.0,3.132
22809,59.0,2.042
41148,59.0,2.383
35169,59.0,2.165
22337,59.0,2.749
29736,59.0,2.462
23193,59.0,2.188
24698,59.0,1.752
27787,59.0,2.073
23199,59.0,2.066
34750,59.0,2.24
24703,59.0,1.927
19984,59.0,1.633
35176,59.0,2.111
30925,59.0,1.872
21365,59.0,2.127
44345,59.0,2.981
43426,59.0,2.823
21533,59.0,1.97
20875,59.0,1.797
21231,59.0,1.89
19415,59.0,1.627
32418,59.0,2.217
42473,60.0,2.56
42656,60.0,2.921
24797,60.0,2.507
23740,60.0,2.426
43555,60.0,2.883
24772,60.0,2.557
42363,60.0,2.937
43431,60.0,2.715
43394,60.0,2.517
20996,60.0,1.786
25247,60.0,2.305
25257,60.0,2.297
25274,60.0,2.202
42561,60.0,2.977
23718,60.0,2.325
21237,60.0,2.606
20499,60.0,1.877
31302,60.0,2.046
34949,60.0,2.037
29090,60.0,2.057
31234,60.0,1.973
31267,60.0,1.903
44600,60.0,2.648
27797,60.0,1.791
28878,60.0,2.091
28233,60.0,2.024
28159,60.0,2.271
40745,61.0,2.748
42399,61.0,2.858
44355,61.0,2.612
22976,61.0,2.032
41939,61.0,2.48
41857,61.0,2.585
20537,61.0,2.179
25241,61.0,2.553
28559,61.0,2.445
41941,61.0,2.482
41940,61.0,2.966
34809,61.0,1.923
40989,61.0,2.6
40988,61.0,2.905
39415,61.0,2.247
28520,61.0,2.033
25369,61.0,2.43
31329,61.0,1.36
28436,61.0,2.164
41012,61.0,2.523
22297,61.0,2.579
28774,61.0,2.093
20523,61.0,1.783
20376,61.0,1.952
19407,61.0,2.395
29309,61.0,2.502
29041,61.0,2.2
40077,61.0,2.53
40021,61.0,2.728
24809,61.0,2.124
27778,61.0,2.204
28815,61.0,2.43
35269,61.0,1.84
20597,61.0,2.075
42716,61.0,2.576
20117,61.0,2.062
28038,61.0,2.33
25383,61.0,2.126
35193,61.0,2.26
28835,61.0,2.044
35161,61.0,2.029
29708,61.0,2.408
35181,61.0,2.008
20978,61.0,1.821
38765,62.0,2.441
24979,62.0,2.017
28794,62.0,2.221
29743,62.0,2.111
25382,62.0,2.398
28765,62.0,2.301
41330,62.0,2.46
25046,62.0,2.107
30269,62.0,2.254
30191,62.0,2.314
24803,62.0,2.251
38830,62.0,2.5
25345,62.0,2.005
41943,62.0,2.69
43815,62.0,3.037
38812,62.0,2.642
38424,62.0,2.695
38406,62.0,2.646
20177,62.0,1.845
38815,62.0,2.642
21503,62.0,2.219
22470,62.0,2.751
42441,62.0,2.566
32741,62.0,2.057
19470,62.0,2.829
28071,62.0,2.003
19424,62.0,2.086
34700,62.0,2.078
34885,62.0,2.133
34916,62.0,1.907
20193,62.0,1.862
43412,62.0,2.426
35281,62.0,2.048
21096,62.0,1.876
40003,62.0,2.705
36549,62.0,2.744
21524,62.0,1.731
42425,62.0,2.775
24981,62.0,2.071
40751,62.0,2.649
23437,62.0,2.432
19644,62.0,1.618
37893,62.0,2.058
41276,62.0,2.877
40736,62.0,2.934
40724,62.0,2.501
37891,62.0,2.314
37886,62.0,2.357
35478,63.0,2.17
29386,63.0,1.899
20162,63.0,2.103
44733,63.0,2.947
35491,63.0,2.287
43788,63.0,2.562
21125,63.0,1.864
24976,63.0,2.411
35609,63.0,2.054
21674,63.0,1.915
41365,63.0,2.313
31395,63.0,1.889
42708,63.0,2.784
42712,63.0,2.369
44722,63.0,2.589
23442,63.0,2.071
22971,63.0,2.02
31813,63.0,2.182
38618,63.0,2.147
31805,63.0,1.889
35266,63.0,2.068
31794,63.0,1.942
34711,63.0,1.941
43765,63.0,2.924
42698,63.0,2.745
38725,63.0,2.375
38781,63.0,2.269
23414,63.0,2.301
24014,63.0,2.573
24003,63.0,2.454
20708,63.0,1.985
24989,63.0,2.512
21522,63.0,2.468
20179,63.0,1.657
28045,63.0,2.008
43822,63.0,2.759
25571,63.0,2.335
29307,63.0,1.999
25838,63.0,2.088
25561,63.0,2.311
28486,63.0,2.267
28505,63.0,2.288
25566,63.0,2.257
42717,64.0,2.76
27987,64.0,1.769
20690,64.0,2.075
39654,64.0,2.149
22461,64.0,2.784
19557,64.0,2.474
35267,64.0,2.113
25051,64.0,2.284
25658,64.0,2.46
20712,64.0,1.768
25643,64.0,2.159
31803,64.0,1.97
30184,64.0,2.33
20715,64.0,2.121
25559,64.0,2.545
23237,64.0,2.031
21091,64.0,1.932
28514,64.0,2.442
29388,64.0,2.16
41134,64.0,2.751
43001,64.0,2.767
29361,64.0,2.286
29345,64.0,2.38
29356,64.0,2.177
20395,64.0,2.115
19630,65.0,2.142
19592,65.0,2.698
43732,65.0,2.535
39036,65.0,2.514
25650,65.0,1.978
41307,65.0,2.653
39051,65.0,2.501
43018,65.0,2.577
44770,65.0,2.43
25574,65.0,1.731
38421,65.0,2.382
24975,65.0,2.619
28552,65.0,1.92
23659,65.0,2.431
38381,65.0,2.141
30244,65.0,2.195
41312,65.0,2.388
41309,65.0,2.995
38434,65.0,2.379
41130,65.0,2.619
20558,65.0,1.942
35619,65.0,2.007
41129,65.0,2.513
20425,65.0,1.78
35605,65.0,2.017
29418,65.0,2.234
35280,65.0,2.26
28019,65.0,2.151
35616,65.0,1.775
29608,65.0,2.514
35199,65.0,1.824
29391,65.0,2.138
35189,65.0,2.06
42691,65.0,2.617
40466,65.0,2.625
41137,65.0,2.894
36880,65.0,2.775
28850,65.0,1.96
28804,65.0,2.389
20405,65.0,1.82
28947,65.0,2.011
22683,66.0,2.588
36120,66.0,2.043
44899,66.0,2.174
21303,66.0,1.837
21832,66.0,1.988
20328,66.0,2.113
21702,66.0,1.9
20367,66.0,1.75
19429,66.0,2.363
23662,66.0,2.279
35212,66.0,1.802
44036,66.0,2.966
36051,66.0,2.167
23246,66.0,2.081
21646,66.0,2.027
36031,66.0,2.155
32919,66.0,2.243
44978,66.0,2.95
26262,66.0,2.236
19453,66.0,1.9
31749,66.0,1.878
23643,66.0,2.294
25218,66.0,1.634
28562,66.0,2.131
19792,66.0,1.718
38997,66.0,2.366
38649,66.0,2.605
30639,66.0,2.351
30635,66.0,2.189
25352,66.0,1.792
39031,66.0,2.317
25359,66.0,1.836
39030,66.0,2.419
43966,67.0,2.693
32136,67.0,2.043
32109,67.0,2.068
43263,67.0,2.971
32114,67.0,1.967
28870,67.0,2.354
35477,67.0,1.984
29717,67.0,1.85
28897,67.0,2.074
21713,67.0,2.436
20849,67.0,1.892
28591,67.0,1.761
44096,67.0,2.9
25960,67.0,2.258
24175,67.0,2.371
29705,67.0,1.931
25384,67.0,2.574
24220,67.0,2.427
21254,67.0,1.841
43083,67.0,2.49
44057,67.0,2.769
25977,67.0,2.26
25983,67.0,2.383
29738,68.0,2.14
20981,68.0,1.647
28854,68.0,2.391
29458,68.0,2.327
19745,68.0,2.561
20873,68.0,2.092
20882,68.0,2.134
19434,68.0,1.764
25873,68.0,2.463
29447,68.0,1.973
29712,68.0,2.099
25971,68.0,2.129
25305,68.0,2.262
29740,68.0,2.217
21361,68.0,1.789
36115,68.0,2.178
30583,68.0,2.316
23409,68.0,2.053
30102,68.0,2.44
20717,68.0,1.95
36110,68.0,2.057
32099,68.0,2.098
28428,68.0,2.305
29359,68.0,2.168
20556,68.0,1.916
41295,68.0,2.748
35559,68.0,2.04
29742,68.0,2.51
21488,69.0,1.711
44317,69.0,2.755
41300,69.0,2.966
20494,69.0,1.883
21867,69.0,2.148
41251,69.0,2.659
35621,69.0,2.138
28995,69.0,1.992
41382,69.0,2.647
21813,69.0,1.944
35490,69.0,2.224
35566,69.0,1.923
20039,69.0,1.764
20502,69.0,1.928
30674,69.0,2.199
43984,69.0,2.449
25682,69.0,2.025
25666,69.0,1.846
39350,69.0,2.338
38654,69.0,2.384
22866,69.0,2.667
25655,69.0,1.932
38663,69.0,2.11
38669,69.0,2.191
25822,69.0,2.543
29715,69.0,2.225
25307,69.0,2.532
19595,69.0,2.383
33535,69.0,2.322
19871,69.0,2.189
29709,69.0,2.123
19850,69.0,2.827
37205,69.0,2.807
19654,69.0,1.988
41744,69.0,2.599
29085,70.0,1.987
35620,70.0,1.908
21141,70.0,1.904
21531,70.0,1.879
23845,70.0,2.108
24495,70.0,2.474
24500,70.0,2.368
30113,70.0,1.901
30116,70.0,1.905
23464,70.0,2.099
39398,70.0,2.324
23770,70.0,2.212
20572,70.0,2.179
44322,70.0,2.653
20519,70.0,1.67
26293,70.0,2.059
41731,70.0,2.212
26295,70.0,2.381
44291,70.0,2.947
21980,70.0,2.08
36604,70.0,1.978
26521,70.0,2.203
39284,70.0,2.117
21868,70.0,2.495
44280,70.0,2.652
32653,70.0,2.036
29424,70.0,2.349
32380,70.0,1.87
36579,70.0,2.211
36576,70.0,2.145
39273,70.0,2.347
32670,70.0,1.874
29431,70.0,2.295
21171,71.0,2.145
20725,71.0,2.125
21479,71.0,1.854
21121,71.0,2.121
19649,71.0,1.912
21148,71.0,1.714
19963,71.0,2.6
19414,71.0,1.543
36143,71.0,2.085
30133,71.0,2.191
22899,71.0,2.919
23596,71.0,2.015
30132,71.0,2.289
41675,71.0,2.738
29028,71.0,1.847
30134,71.0,2.099
26317,71.0,2.57
30124,71.0,2.09
26277,71.0,2.899
25675,71.0,2.12
29444,71.0,2.256
32656,71.0,2.097
36512,72.0,1.924
30912,72.0,2.274
30128,72.0,2.275
20672,72.0,1.901
36081,72.0,2.013
36442,72.0,2.036
29655,72.0,2.029
20019,72.0,2.2
29654,72.0,2.36
41938,72.0,2.713
29414,72.0,1.991
20855,72.0,1.833
36128,72.0,2.368
41771,72.0,2.533
19360,72.0,1.698
30115,72.0,2.211
39115,72.0,2.051
28988,72.0,2.262
44351,72.0,2.471
39055,72.0,2.306
20796,72.0,2.063
37583,72.0,2.636
20014,72.0,2.911
29600,72.0,2.098
23594,73.0,2.015
22137,73.0,2.047
36869,73.0,2.068
20203,73.0,1.759
36916,73.0,2.143
25792,73.0,1.722
20740,73.0,1.927
24002,73.0,2.332
20765,73.0,2.272
21983,73.0,2.104
39655,73.0,2.298
32731,73.0,1.961
19758,73.0,2.071
29378,73.0,2.002
21653,73.0,1.814
25979,73.0,1.917
33841,73.0,2.15
26927,73.0,2.142
36114,73.0,2.015
21945,73.0,1.912
19856,73.0,2.516
33066,74.0,1.923
29660,74.0,2.149
19646,74.0,1.572
21257,74.0,1.963
21941,74.0,2.332
29292,74.0,1.803
21648,74.0,1.858
29658,74.0,2.335
26568,74.0,2.189
44783,74.0,2.965
30537,74.0,1.904
24641,74.0,2.284
30632,74.0,1.904
24619,74.0,2.353
29346,75.0,2.126
37781,75.0,2.61
20180,75.0,2.624
25775,75.0,2.018
41766,75.0,2.863
26501,75.0,2.554
26458,75.0,2.248
33097,75.0,2.034
21230,75.0,1.736
21001,75.0,2.148
30401,75.0,2.031
30483,75.0,1.979
19766,75.0,1.823
21170,75.0,1.85
21652,75.0,1.874
21224,75.0,2.068
30240,75.0,2.064
36481,75.0,2.135
19667,75.0,1.699
23830,75.0,2.043
30108,75.0,2.41
21262,75.0,2.302
37955,76.0,2.704
20331,76.0,1.833
39450,76.0,2.135
44574,76.0,2.383
21839,76.0,1.784
31361,76.0,2.068
20999,76.0,1.88
20174,76.0,2.119
20144,76.0,2.767
20947,76.0,1.908
22109,76.0,1.921
34453,76.0,2.272
19961,76.0,2.102
22138,76.0,2.007
20045,76.0,2.527
20925,77.0,1.871
25018,77.0,2.401
30932,77.0,1.961
27323,77.0,2.099
20987,77.0,2.15
30126,77.0,2.085
23848,77.0,2.036
30099,77.0,2.145
21520,77.0,1.888
33517,77.0,2.062
30984,77.0,2.042
24991,77.0,2.405
37138,77.0,2.066
24238,77.0,2.269
22112,77.0,2.498
21854,77.0,1.837
29694,77.0,1.92
26923,77.0,2.321
33052,77.0,2.013
26896,78.0,2.262
21535,78.0,1.678
42128,78.0,2.709
26260,78.0,2.24
21080,78.0,2.206
26900,78.0,2.385
21550,78.0,2.223
21859,78.0,1.878
20420,78.0,2.668
21558,78.0,2.116
19807,78.0,1.629
20025,78.0,1.91
19772,79.0,1.751
39624,79.0,2.159
29682,79.0,2.133
30425,79.0,2.099
31831,79.0,2.133
21252,79.0,1.833
21145,79.0,2.008
21905,79.0,1.829
21083,79.0,1.88
45006,79.0,2.363
20383,79.0,2.893
20379,79.0,2.137
24492,80.0,2.278
24053,80.0,2.129
22278,80.0,2.022
22319,80.0,1.791
30245,80.0,1.937
21134,80.0,2.243
21143,80.0,2.019
34942,80.0,2.27
20567,80.0,1.827
33504,80.0,2.082
20189,80.0,2.181
20184,80.0,2.558
27192,81.0,2.33
21705,81.0,1.943
25201,81.0,2.433
19471,81.0,1.711
31275,81.0,1.961
19998,81.0,1.609
31458,81.0,1.849
30412,81.0,2.256
19406,82.0,2.247
30177,82.0,2.109
22000,82.0,1.823
19939,82.0,1.725
21536,82.0,1.755
31014,82.0,2.247
21229,82.0,2.238
21683,82.0,1.789
27319,82.0,2.448
21667,82.0,2.122
20531,82.0,2.538
27207,82.0,2.567
20135,82.0,2.014
26459,82.0,2.224
22465,83.0,2.028
20516,83.0,2.24
21246,83.0,1.934
20554,83.0,2.846
20357,83.0,2.204
39961,83.0,2.155
20773,83.0,1.87
20303,83.0,2.666
21359,83.0,1.955
22527,83.0,1.873
31034,84.0,2.101
31897,84.0,1.876
31840,84.0,1.97
21223,84.0,2.253
19591,84.0,1.676
21244,84.0,2.136
21861,84.0,2.138
27714,84.0,2.342
25641,84.0,2.261
24246,84.0,2.167
30576,84.0,1.915
19426,84.0,2.058
19368,84.0,2.001
20758,85.0,2.567
21527,85.0,2.24
20205,85.0,1.705
20309,85.0,2.096
19658,85.0,2.129
27829,85.0,2.085
21852,85.0,1.837
21830,85.0,2.056
19379,85.0,1.843
27702,85.0,2.489
22133,85.0,1.983
19362,86.0,1.605
19423,86.0,1.811
21525,86.0,2.026
20772,86.0,2.774
31553,86.0,2.294
21551,86.0,1.962
40356,86.0,2.169
20202,86.0,1.77
22564,86.0,1.937
21723,86.0,1.856
20761,86.0,2.17
20601,87.0,2.65
20589,87.0,2.295
22688,87.0,2.132
19409,87.0,1.935
20992,87.0,1.876
24517,87.0,2.08
19400,87.0,2.332
19401,87.0,1.672
30924,87.0,1.79
19612,87.0,2.145
21545,87.0,2.046
19585,87.0,2.171
21526,87.0,2.252
19405,88.0,2.163
21948,88.0,2.003
32294,88.0,2.082
32344,88.0,1.881
31421,88.0,2.163
19558,88.0,1.92
19838,88.0,1.79
19375,88.0,2.07
25912,88.0,2.297
19466,88.0,1.872
19369,88.0,2.206
28021,88.0,2.325
20327,88.0,1.74
21669,89.0,2.18
31837,89.0,2.123
22362,89.0,1.856
20851,89.0,2.421
19608,89.0,1.682
20579,89.0,2.108
20387,89.0,1.861
28032,89.0,2.431
19464,89.0,2.328
19794,89.0,2.171
19662,89.0,1.787
21991,89.0,1.781
28015,89.0,2.333
